<?xml version="1.0" encoding="UTF-8"?>
<project-private xmlns="http://www.netbeans.org/ns/project-private/1">
    <editor-bookmarks xmlns="http://www.netbeans.org/ns/editor-bookmarks/2" lastBookmarkId="0"/>
    <open-files xmlns="http://www.netbeans.org/ns/projectui-open-files/2">
        <group>
            <file>file:/C:/Users/admin%201/Documents/NetBeansProjects/Medical%20Billing%20Management%20System/src/billing.java</file>
            <file>file:/C:/Users/admin%201/Documents/NetBeansProjects/Medical%20Billing%20Management%20System/src/MedicineDetails.java</file>
            <file>file:/C:/Users/admin%201/Documents/NetBeansProjects/Medical%20Billing%20Management%20System/src/UpdateMedicine.java</file>
            <file>file:/C:/Users/admin%201/Documents/NetBeansProjects/Medical%20Billing%20Management%20System/src/DeleteMedicine.java</file>
            <file>file:/C:/Users/admin%201/Documents/NetBeansProjects/Medical%20Billing%20Management%20System/src/login.java</file>
            <file>file:/C:/Users/admin%201/Documents/NetBeansProjects/Medical%20Billing%20Management%20System/src/home.java</file>
        </group>
    </open-files>
</project-private>
